-- phpMyAdmin SQL Dump
-- version 4.7.0
-- https://www.phpmyadmin.net/
--
-- Hôte : 127.0.0.1
-- Généré le :  lun. 23 nov. 2020 à 22:38
-- Version du serveur :  5.7.17
-- Version de PHP :  7.1.3

SET SQL_MODE = "NO_AUTO_VALUE_ON_ZERO";
SET AUTOCOMMIT = 0;
START TRANSACTION;
SET time_zone = "+00:00";


/*!40101 SET @OLD_CHARACTER_SET_CLIENT=@@CHARACTER_SET_CLIENT */;
/*!40101 SET @OLD_CHARACTER_SET_RESULTS=@@CHARACTER_SET_RESULTS */;
/*!40101 SET @OLD_COLLATION_CONNECTION=@@COLLATION_CONNECTION */;
/*!40101 SET NAMES utf8mb4 */;

--
-- Base de données :  `boerbull_motors`
--
CREATE DATABASE `boerbull_motors`;
-- --------------------------------------------------------

--
-- Structure de la table `boerbull_admin`
--

CREATE TABLE `boerbull_admin` (
  `id` int(50) NOT NULL,
  `name` varchar(255) NOT NULL,
  `mail` varchar(255) NOT NULL,
  `password` varchar(255) NOT NULL
) ENGINE=MyISAM DEFAULT CHARSET=utf8;

--
-- Déchargement des données de la table `boerbull_admin`
--

INSERT INTO `boerbull_admin` (`id`, `name`, `mail`, `password`) VALUES
(3, 'boerbull', 'boerbull@gmail.com', '$2y$10$w5sVTVxwDMv8YIjaIwsM6ejHMTZweDfAxYTZ/9EMgSmKM7HC2aAXq');

-- --------------------------------------------------------

--
-- Structure de la table `booking`
--

CREATE TABLE `booking` (
  `id` int(50) NOT NULL,
  `booking_date_debut` date NOT NULL,
  `booking_time_debut` time NOT NULL,
  `booking_date_fin` date NOT NULL,
  `booking_time_fin` time NOT NULL,
  `created_at` datetime NOT NULL DEFAULT CURRENT_TIMESTAMP,
  `number_of_seats` int(1) NOT NULL,
  `user_i` int(11) NOT NULL,
  `car_id` int(50) DEFAULT NULL
) ENGINE=InnoDB DEFAULT CHARSET=latin1;

--
-- Déchargement des données de la table `booking`
--

--------------------------------------------------------

--
-- Structure de la table `car`
--

CREATE TABLE `car` (
  `id` int(5) NOT NULL,
  `marque` varchar(255) CHARACTER SET utf8 NOT NULL,
  `modele` varchar(255) CHARACTER SET utf8 NOT NULL,
  `annee` int(4) NOT NULL,
  `conso` int(4) NOT NULL,
  `color` varchar(255) CHARACTER SET utf8 NOT NULL,
  `prix_trois_jours` int(10) NOT NULL,
  `puissance` int(5) NOT NULL,
  `moteur` varchar(5) NOT NULL,
  `carburant` varchar(255) NOT NULL,
  `cent` int(3) NOT NULL,
  `nombre_de_place` int(1) NOT NULL,
  `nombre_de_voiture` int(255) NOT NULL DEFAULT '1',
  `id_category` int(5) NOT NULL,
  `image_url` varchar(255) CHARACTER SET utf8 DEFAULT NULL
) ENGINE=InnoDB DEFAULT CHARSET=latin1;

--
-- Déchargement des données de la table `car`
--

INSERT INTO `car` (`id`, `marque`, `modele`, `annee`, `conso`, `color`, `prix_trois_jours`, `puissance`, `moteur`, `carburant`, `cent`, `nombre_de_place`, `nombre_de_voiture`, `id_category`, `image_url`) VALUES
(2, 'Audi', 'Q4', 2019, 11, 'jaune', 1500, 475, '6', 'diesel', 6, 5, 1, 5, 'audi-q4.jpg'),
(3, 'Ford Mustang', 'shelby GT 500', 2017, 14, 'bleu et blanc', 1100, 475, 'V8', 'essence', 4, 4, 1, 2, 'mustang.jpg'),
(4, 'Mercedes ', 'Cla 180 Business edition', 2018, 9, 'gris', 400, 122, '4', 'essence', 9, 4, 1, 3, 'mercedesCla.2018.jpg'),
(6, 'Tesla', 'MODEL S P100D', 2016, 10, 'rouge', 1500, 775, 'NC', 'electric', 3, 4, 1, 4, 'teslaRouge.jpg'),
(9, 'Porsche', '911 cabriolets CARRERA 4S', 2017, 13, 'blanc', 1000, 420, '6', 'essence', 4, 2, 1, 1, 'porsche-911blanc.jpg'),
(12, 'Audi', ' TT III COUPE 2.0 TFSI 230 S TRONIC', 2018, 8, 'bleu', 750, 230, '4', 'essence', 5, 2, 1, 3, 'audi-tt.jpg'),
(13, 'Aston martin', 'V12 VANTAGE Coupé', 2018, 15, 'gris', 1500, 573, 'v12', 'essence', 4, 2, 1, 3, 'aston-martin-v12-vantage.jpg'),
(14, 'Chevrolet', 'Camaro Coupé VI 6.2 V8', 2016, 13, 'noir', 1100, 453, 'V8', 'essence', 5, 4, 1, 2, 'troisquartavant1.jpg'),
(15, 'Chevrolet', 'Camaro 1SS Coupe', 2018, 12, 'blanc', 1100, 455, 'V8', 'essence', 5, 4, 1, 2, '083887_2018_chevrolet_Camaro.jpg'),
(16, 'Chevrolet', 'Corvette VII 6.2 V8 2LT', 2015, 12, 'jaune', 1000, 466, 'V8', 'essence', 4, 2, 1, 2, 'TROISQUAR.jpg'),
(17, 'Dodge', 'Challenger SRT8 ', 2015, 12, 'rouge', 1100, 376, 'V8', 'essence', 8, 4, 1, 2, 'image-copyright.jpeg'),
(18, 'Mercedes', 'classe S VII 600 L MAYBACH', 2016, 12, 'noir', 2000, 530, '12', 'essence', 5, 4, 1, 3, 'mercedes-maybach-s-600-pullman-guard-2016-a09d99-0@1x.jpg'),
(19, 'BMW', 'SERIE 8 M850IA 530 XDRIVE', 2018, 10, 'noir', 1200, 530, '8', 'diesel', 4, 4, 1, 3, 'S7-gamme--bmw-serie-8.jpg'),
(21, 'lamborgini', 'aventador', 2018, 12, 'gris', 1500, 523, 'V8', 'essence', 3, 2, 1, 1, 'aventador.jpg'),
(23, 'Ford mustang shelby', 'GT 500 2020', 0, 12, 'bleu', 3000, 700, 'V8', 'rhum', 5, 4, 1, 2, '2020-ford-shelby-mustang-gt500-1.jpg'),
(28, 'maybach', 'gt 3000', 0, 12, 'bleu', 1500, 800, 'V12', 'essence', 4, 5, 1, 3, 'maybach.jpg'),
(32, 'maclaren', 'mp4', 2018, 10, 'or', 1500, 700, 'V8', 'essence', 4, 2, 1, 1, 'maclarenmp4.jpg');

-- --------------------------------------------------------

--
-- Structure de la table `category`
--

CREATE TABLE `category` (
  `id` int(5) NOT NULL,
  `name` varchar(255) NOT NULL
) ENGINE=InnoDB DEFAULT CHARSET=utf8;

--
-- Déchargement des données de la table `category`
--

INSERT INTO `category` (`id`, `name`) VALUES
(1, 'super car'),
(2, 'muscle car'),
(3, 'GT'),
(4, 'electric'),
(5, '4x4');

-- --------------------------------------------------------

--
-- Structure de la table `user`
--

CREATE TABLE `user` (
  `id` int(50) NOT NULL,
  `last_name` varchar(255) NOT NULL,
  `first_name` varchar(255) NOT NULL,
  `mail` varchar(255) NOT NULL,
  `password` varchar(255) NOT NULL
) ENGINE=InnoDB DEFAULT CHARSET=utf8;

--
-- Déchargement des données de la table `user`
--

INSERT INTO `user` (`id`, `last_name`, `first_name`, `mail`, `password`) VALUES
(2, 'Neymard', 'jean', 'jeanneymard@gmail.com', '$2y$10$D2oGKD2VDnaWZXQkvYwM.OTU.tIFmPqxAVFkcBaWDcoPzBzVepUEy'),
(6, 'stiquer', 'sophie', 'sophiestiquer@gmail.com', '$2y$10$161qNSIcPVjAAjPHQ0rKyu6EkMNYUBHh8kEy13mf6WzWAgBlAqWQ2'),
(7, 'amploi', 'paul', 'paulamploi@gmail.com', '$2y$10$6eMzh/p4qMgRglHwyo5.9uUd9LdcwElZlDKGKGmp68p0hVConoC6C'),
(8, 'registre', 'jean', 'jeanregistre@gmail.com', '$2y$10$dYEYTRxJDffabQgw9SW/TeHXjBjG9Fxlcqy0D68lx1EI9Lg/gC50m'),
(12, 'dor', 'theo', 'theodor@gmail.com', '$2y$10$F99nvCbcZT.MUYP/YnYjMeLO8GRUSZmd.xxGPeUPH/GEpaATbcdD6'),
(14, 'kanne', 'jerry', 'jerrykanne@gmail.com', '$2y$10$lByrDyZNoW9YKbyI5eM0Feuuq4g.ZtJ0i1U49/iUbYubd6/hbsCRS'),
(15, 'kauvaire', 'harry', 'harrykauvaire@gmail.com', '$2y$10$8Myd.2XBGRE40dlX/F4Ps.JGUVN9Rs1qd23DnWc96L31pXR3z1tzW'),
(28, 'nasse', 'anna', 'annanasse@gmail.com', '$2y$10$YBNCowrs5oIfHbNRVJZw.OwsXG6uNEBbn.GQMmYRu3LdnQqo7Z3/i'),
(32, 'malt', 'vita', 'vitamalt@gmail.com', '$2y$10$ka9q6tCrQIInVa/R29mrxO4Z9d9/MjBA.nq9rFgIoq9mEvXfdV.hu'),
(33, 'inne', 'carole', 'caroleinne@gmail.com', '$2y$10$yWcMv8bj/.dsNv/7YknpHe7nKJT0.0ouUj0/5GKN/JUrQUgPusm0O');

--
-- Index pour les tables déchargées
--

--
-- Index pour la table `boerbull_admin`
--
ALTER TABLE `boerbull_admin`
  ADD PRIMARY KEY (`id`);

--
-- Index pour la table `booking`
--
ALTER TABLE `booking`
  ADD PRIMARY KEY (`id`);

--
-- Index pour la table `car`
--
ALTER TABLE `car`
  ADD PRIMARY KEY (`id`);

--
-- Index pour la table `category`
--
ALTER TABLE `category`
  ADD PRIMARY KEY (`id`);

--
-- Index pour la table `user`
--
ALTER TABLE `user`
  ADD PRIMARY KEY (`id`);

--
-- AUTO_INCREMENT pour les tables déchargées
--

--
-- AUTO_INCREMENT pour la table `boerbull_admin`
--
ALTER TABLE `boerbull_admin`
  MODIFY `id` int(50) NOT NULL AUTO_INCREMENT, AUTO_INCREMENT=6;
--
-- AUTO_INCREMENT pour la table `booking`
--
ALTER TABLE `booking`
  MODIFY `id` int(50) NOT NULL AUTO_INCREMENT, AUTO_INCREMENT=79;
--
-- AUTO_INCREMENT pour la table `car`
--
ALTER TABLE `car`
  MODIFY `id` int(5) NOT NULL AUTO_INCREMENT, AUTO_INCREMENT=33;
--
-- AUTO_INCREMENT pour la table `category`
--
ALTER TABLE `category`
  MODIFY `id` int(5) NOT NULL AUTO_INCREMENT, AUTO_INCREMENT=6;
--
-- AUTO_INCREMENT pour la table `user`
--
ALTER TABLE `user`
  MODIFY `id` int(50) NOT NULL AUTO_INCREMENT, AUTO_INCREMENT=34;COMMIT;

/*!40101 SET CHARACTER_SET_CLIENT=@OLD_CHARACTER_SET_CLIENT */;
/*!40101 SET CHARACTER_SET_RESULTS=@OLD_CHARACTER_SET_RESULTS */;
/*!40101 SET COLLATION_CONNECTION=@OLD_COLLATION_CONNECTION */;
